chr1_19191486,XM_015916816.1,97.372,647,17,0,169,815,316,962,0.0,1101
chr1_19191486,XM_029325784.1,100.000,189,0,0,627,815,653,841,3.19e-94,350
chr1_19191486,XM_015916818.1,97.884,189,4,0,627,815,279,467,1.49e-87,327
chr1_19191486,XM_015916817.1,97.884,189,4,0,627,815,275,463,1.49e-87,327
chr1_34404142,XM_015925032.1,97.000,1000,16,8,1,996,1688,699,0.0,1668
chr1_34404142,XM_015925033.1,94.030,201,3,4,1,198,202,8,4.21e-78,296
chr10_12897056,XR_001560925.1,99.392,329,2,0,427,755,329,1,1.03e-168,597
chr10_12897056,XM_029338324.1,89.630,270,27,1,654,922,1609,1878,5.33e-92,342
chr10_12897056,XM_029338323.1,89.630,270,27,1,654,922,1615,1884,5.33e-92,342
chr10_12897056,XR_001560926.1,94.969,159,8,0,764,922,159,1,3.33e-64,250
chr10_12897056,XM_029331045.1,87.195,164,20,1,780,943,1101,939,9.51e-45,185
chr10_12897056,XM_015894462.1,86.667,150,18,1,779,926,789,938,1.24e-38,165
chr10_12897056,XM_029345498.1,84.459,148,23,0,779,926,3334,3481,4.49e-33,147
chr10_12897056,XM_015898657.1,87.200,125,15,1,661,784,997,1121,2.09e-31,141
chr10_12897056,XM_015898656.1,87.200,125,15,1,661,784,904,1028,2.09e-31,141
chr10_12897056,XM_015905381.1,91.753,97,8,0,654,750,2144,2240,9.71e-30,135
chr10_12897056,XM_015914621.1,78.788,165,34,1,714,878,1846,1683,5.89e-22,110
chr10_12897056,XM_029348458.1,94.737,57,2,1,945,1000,2176,2120,2.76e-15,87.9
chr10_12897056,XM_029337654.1,86.585,82,8,2,777,855,82,1,2.76e-15,87.9
chr10_12897056,XM_029339665.1,88.235,68,7,1,934,1000,278,345,4.62e-13,80.5
chr10_12897056,XM_015901401.1,91.525,59,4,1,943,1000,1397,1455,4.62e-13,80.5
chr10_12897056,XM_015901400.1,91.525,59,4,1,943,1000,2032,2090,4.62e-13,80.5
chr10_12897056,XM_015910639.1,95.833,48,2,0,715,762,53,6,1.66e-12,78.7
chr10_12897056,XM_029348990.1,91.228,57,4,1,945,1000,1701,1645,5.97e-12,76.8
chr10_12897056,XR_001567808.1,85.526,76,8,3,734,809,1357,1429,5.97e-12,76.8
chr10_12897056,XM_015924913.1,85.526,76,8,3,734,809,1396,1468,5.97e-12,76.8
chr10_12897056,XM_015924912.1,85.526,76,8,3,734,809,1324,1396,5.97e-12,76.8
chr10_12897056,XM_029326903.1,95.556,45,2,0,77,121,1748,1704,7.73e-11,73.1
chr10_12897056,XR_001567495.1,100.000,33,0,0,765,797,537,569,1.67e-07,62.1
chr10_12897056,XR_001567494.1,100.000,33,0,0,765,797,553,585,1.67e-07,62.1
chr10_12897056,XR_001567493.1,100.000,33,0,0,765,797,665,697,1.67e-07,62.1
chr10_12897056,XR_001566860.1,100.000,28,0,0,765,792,515,542,1.01e-04,52.8
chr10_17277061,XM_029348306.1,97.917,96,2,0,668,763,729,824,3.44e-39,167
chr10_17277061,XM_029351563.1,90.566,53,3,1,3,53,1958,2010,9.99e-10,69.4
chr10_17277061,XM_022954348.1,89.286,56,4,1,3,56,2780,2835,9.99e-10,69.4
chr10_17277061,XM_022954347.1,89.286,56,4,1,3,56,2814,2869,9.99e-10,69.4
chr10_17277061,XM_015924562.1,89.286,56,4,1,3,56,1834,1889,9.99e-10,69.4
chr10_17277061,XR_002696304.1,93.333,45,1,1,3,45,46,2,1.29e-08,65.8
chr10_17277061,XM_022952970.1,93.333,45,1,1,3,45,46,2,1.29e-08,65.8
chr10_17277061,XR_002696303.1,93.333,45,1,1,3,45,46,2,1.29e-08,65.8
chr10_17277061,XM_022954712.1,91.111,45,2,1,3,45,2859,2903,6.01e-07,60.2
chr10_17277061,XM_022942094.1,100.000,28,0,0,3,30,3325,3352,1.01e-04,52.8
chr10_17277061,XM_022942093.1,100.000,28,0,0,3,30,3328,3355,1.01e-04,52.8
chr10_4753179,XM_029345620.1,100.000,60,0,0,1,60,3194,3253,1.64e-22,111
chr10_6833054,XM_029353357.1,99.194,124,1,0,470,593,1643,1766,2.02e-56,224
chr10_6833054,XM_029353357.1,100.000,83,0,0,60,142,1564,1646,2.68e-35,154
chr10_6833054,XM_029353356.1,99.194,124,1,0,470,593,1763,1886,2.02e-56,224
chr10_6833054,XM_029353356.1,100.000,83,0,0,60,142,1684,1766,2.68e-35,154
chr10_6833054,XM_029353355.1,99.194,124,1,0,470,593,1635,1758,2.02e-56,224
chr10_6833054,XM_029353355.1,100.000,83,0,0,60,142,1556,1638,2.68e-35,154
chr10_6833054,XM_015910925.1,98.387,124,2,0,470,593,1777,1900,9.38e-55,219
chr10_6833054,XM_015910925.1,100.000,83,0,0,60,142,1698,1780,2.68e-35,154
chr11_7845516,XM_029330930.1,95.760,283,12,0,718,1000,2576,2858,1.83e-126,457
chr11_7845516,XM_015921578.1,94.643,280,15,0,480,759,817,1096,8.55e-120,435
chr11_7845516,XM_029352789.1,78.333,240,37,9,191,422,2581,2349,2.09e-31,141
chr12_11402608,XR_003826847.1,99.731,743,2,0,258,1000,2780,2038,0.0,1362
chr12_11402608,XR_003826847.1,98.519,270,2,2,1,270,3239,2972,5.04e-132,475
chr12_11402608,XR_001564582.1,91.016,256,22,1,1,255,321,66,1.48e-92,344
chr12_11402608,XR_001564581.1,91.016,256,22,1,1,255,321,66,1.48e-92,344
chr12_11402608,XR_001564766.1,97.297,185,5,0,1,185,185,1,1.16e-83,315
chr12_11402608,XM_029343876.1,85.437,103,14,1,258,360,2558,2659,7.62e-21,106
chr12_14427993,XM_015909635.1,88.506,261,26,4,737,995,1791,1533,4.18e-83,313
chr12_14427993,XM_029351253.1,87.072,263,30,4,737,995,1817,1555,1.51e-77,294
chr12_14427993,XM_029347526.1,86.667,270,28,7,725,987,2304,2036,5.45e-77,292
chr12_14427993,XM_015894445.1,85.878,262,28,4,743,995,1531,1792,2.55e-70,270
chr12_14427993,XM_029334339.1,90.769,130,9,3,865,991,532,403,2.66e-40,171
chr12_14427993,XM_015915115.1,89.706,136,9,1,746,876,3973,3838,9.58e-40,169
chr12_14427993,EU814629.1,92.661,109,8,0,743,851,5234,5126,2.07e-36,158
chr12_14427993,EU814629.1,95.556,45,1,1,738,781,5008,5052,2.78e-10,71.3
chr12_14427993,XM_029339791.1,92.958,71,4,1,738,807,71,1,9.85e-20,102
chr12_14427993,XM_029339789.1,92.754,69,4,1,738,805,69,1,1.27e-18,99.0
chr12_14427993,XM_029341527.1,92.424,66,5,0,738,803,1750,1815,1.65e-17,95.3
chr12_14427993,XM_029335964.1,93.878,49,2,1,734,781,1675,1723,7.73e-11,73.1
chr12_14427993,XM_029326437.1,91.489,47,2,1,737,781,6434,6480,4.65e-08,63.9
chr13_13589248,XM_029329820.1,95.813,1003,39,1,1,1000,897,1899,0.0,1616
chr13_13589248,XM_029329797.1,87.791,344,28,6,1,335,778,1116,1.88e-106,390
chr13_13589248,XM_029329797.1,87.419,310,32,5,537,846,1127,1429,3.19e-94,350
chr13_13589248,XM_029329822.1,91.176,238,21,0,1,238,936,1173,1.93e-86,324
chr13_13589248,XM_029329821.1,91.176,238,21,0,1,238,936,1173,1.93e-86,324
chr13_13589248,XM_015919405.1,89.496,238,25,0,1,238,970,1207,9.05e-80,302
chr13_13589248,XR_001566517.1,89.496,238,25,0,1,238,1722,1485,9.05e-80,302
chr13_13589248,XM_015919390.1,83.810,315,35,14,33,339,1673,1367,9.12e-75,285
chr13_20619417,XM_015912699.1,84.859,568,70,13,386,943,2467,1906,4.86e-157,558
chr13_20619417,XM_029344361.1,93.023,43,3,0,640,682,1556,1598,4.65e-08,63.9
chr13_20619417,XM_029344360.1,93.023,43,3,0,640,682,1646,1688,4.65e-08,63.9
chr13_20619417,XM_029348428.1,94.737,38,0,2,11,47,1002,966,2.16e-06,58.4
chr13_20619417,XM_015909994.1,94.737,38,0,2,11,47,818,782,2.16e-06,58.4
chr13_20619417,XM_015896284.1,94.737,38,0,2,11,47,813,777,2.16e-06,58.4
chr13_20619417,XM_029358248.1,92.308,39,0,2,17,53,3360,3323,1.01e-04,52.8
chr13_20619417,XM_029358247.1,92.308,39,0,2,17,53,3765,3728,1.01e-04,52.8
chr14_2168308,XM_029357444.1,100.000,99,0,0,728,826,3853,3951,3.42e-44,183
chr14_2168308,XM_029357444.1,97.917,48,1,0,401,448,3807,3854,3.57e-14,84.2
chr14_2168308,XM_029357443.1,100.000,99,0,0,728,826,3784,3882,3.42e-44,183
chr14_2168308,XM_029357443.1,97.917,48,1,0,401,448,3738,3785,3.57e-14,84.2
chr14_2168308,XM_029357442.1,100.000,99,0,0,728,826,3853,3951,3.42e-44,183
chr14_2168308,XM_029357442.1,97.917,48,1,0,401,448,3807,3854,3.57e-14,84.2
chr14_2168308,XM_029336583.1,86.395,147,12,6,170,315,1948,1809,2.68e-35,154
chr14_2168308,XM_029346762.1,95.652,92,2,1,73,164,1847,1758,4.49e-33,147
chr14_2168308,XM_029346761.1,95.652,92,2,1,73,164,1791,1702,4.49e-33,147
chr14_2168308,XM_029346760.1,95.652,92,2,1,73,164,1863,1774,4.49e-33,147
chr14_2168308,XR_001567188.1,87.705,122,12,3,195,315,466,347,7.51e-31,139
chr14_2168308,XM_015902122.1,84.252,127,19,1,190,315,116,242,7.56e-26,122
chr14_2168308,XM_029341495.1,85.000,120,16,2,189,307,2281,2163,2.72e-25,121
chr14_2168308,XM_015891806.1,81.633,147,17,6,170,306,1832,1978,4.55e-23,113
chr14_2168308,XM_015891805.1,81.633,147,17,6,170,306,1985,2131,4.55e-23,113
chr14_2168308,XM_015891804.1,81.633,147,17,6,170,306,2133,2279,4.55e-23,113
chr14_2168308,XM_029327930.1,96.923,65,2,0,107,171,698,634,5.89e-22,110
chr14_2168308,XM_029349741.1,98.246,57,1,0,115,171,3548,3492,3.54e-19,100
chr2_20484160,XM_015915252.1,98.223,788,14,0,1,788,1288,501,0.0,1378
chr2_20484160,XM_015915252.1,87.860,486,59,0,303,788,2747,2262,6.25e-161,571
chr2_20484160,XM_029340642.1,97.598,791,16,1,1,788,1292,502,0.0,1352
chr2_20484160,XM_029340642.1,87.785,483,56,2,309,788,2835,2353,3.76e-158,562
chr2_20484160,XM_029340642.1,83.958,480,76,1,1,480,5378,4900,5.08e-127,459
chr2_27346371,XM_029344911.1,98.864,176,2,0,443,618,659,484,1.16e-83,315
chr2_27346371,XM_029344910.1,98.864,176,2,0,443,618,655,480,1.16e-83,315
chr2_27346371,XM_029344909.1,98.864,176,2,0,443,618,654,479,1.16e-83,315
chr2_27346371,XM_015895168.1,98.276,174,3,0,443,616,186,13,7.00e-81,305
chr2_27346371,XM_015901262.1,97.727,176,4,0,443,618,711,536,2.52e-80,303
chr2_27346371,XM_020768618.1,83.429,175,28,1,439,613,1139,966,1.60e-37,161
chr2_31235893,XM_029357264.1,98.889,270,3,0,674,943,27634,27365,3.01e-134,483
chr2_31235893,XM_029357264.1,100.000,30,0,0,512,541,27663,27634,7.78e-06,56.5
chr2_31235893,XM_029357263.1,98.889,270,3,0,674,943,30239,29970,3.01e-134,483
chr2_31235893,XM_029357263.1,100.000,30,0,0,512,541,30268,30239,7.78e-06,56.5
chr2_31235893,XM_029357262.1,98.889,270,3,0,674,943,30239,29970,3.01e-134,483
chr2_31235893,XM_029357262.1,100.000,30,0,0,512,541,30268,30239,7.78e-06,56.5
chr2_31235893,XM_029357261.1,98.889,270,3,0,674,943,30311,30042,3.01e-134,483
chr2_31235893,XM_029357261.1,100.000,30,0,0,512,541,30340,30311,7.78e-06,56.5
chr2_31235893,XM_029357260.1,98.889,270,3,0,674,943,30314,30045,3.01e-134,483
chr2_31235893,XM_029357260.1,100.000,30,0,0,512,541,30343,30314,7.78e-06,56.5
chr2_31235893,XM_015904736.1,97.842,278,6,0,666,943,25094,24817,1.08e-133,481
chr2_31235893,XR_001564819.1,85.833,240,21,7,66,302,260,489,5.56e-62,243
chr2_31235893,XM_029331158.1,89.130,184,20,0,233,416,2337,2154,4.33e-58,230
chr2_31235893,XM_029332537.1,84.583,240,24,7,66,302,2597,2826,5.60e-57,226
chr2_31235893,XM_029324288.1,81.429,280,43,8,140,411,901,623,2.61e-55,220
chr2_31235893,XM_015901075.1,83.978,181,26,3,179,357,2832,3011,2.66e-40,171
chr2_31235893,XM_031706653.1,84.314,153,21,3,265,416,1327,1177,4.49e-33,147
chr2_31235893,XM_015903586.1,77.091,275,40,14,146,416,1137,882,2.70e-30,137
chr2_31235893,KY751904.1,88.393,112,13,0,305,416,2798,2909,9.71e-30,135
chr2_31235893,XR_001567584.1,84.058,138,13,7,148,279,138,4,2.10e-26,124
chr2_31235893,XM_029335720.1,89.655,87,9,0,270,356,1034,948,1.64e-22,111
chr2_31235893,XR_003826730.1,91.026,78,7,0,305,382,1,78,7.62e-21,106
chr2_31235893,XM_029330547.1,86.667,90,8,4,61,148,240,153,4.58e-18,97.1
chr2_31235893,XM_015909731.1,85.556,90,9,4,61,148,134,47,2.13e-16,91.6
chr2_31235893,XM_020765407.1,92.188,64,4,1,141,204,6090,6028,7.67e-16,89.8
chr2_31235893,XM_020765406.1,92.188,64,4,1,141,204,5759,5697,7.67e-16,89.8
chr2_31235893,XM_020765405.1,92.188,64,4,1,141,204,6712,6650,7.67e-16,89.8
chr2_31235893,XM_031699147.1,82.524,103,13,2,254,351,1649,1547,9.92e-15,86.1
chr2_31235893,KJ577517.1,77.622,143,29,3,155,294,96,238,3.57e-14,84.2
chr2_31235893,XR_001564631.1,89.231,65,7,0,146,210,839,775,1.28e-13,82.4
chr2_31235893,XR_001560362.1,94.737,38,2,0,254,291,503,540,6.01e-07,60.2
chr2_3994681,XM_015894785.1,96.853,985,24,2,16,1000,593,1570,0.0,1640
chr2_3994681,XM_029332691.1,99.837,613,1,0,388,1000,1,613,0.0,1127
chr3_8120990,XM_029347718.1,100.000,37,0,0,1,37,685,721,9.99e-10,69.4
chr3_8120990,XM_015923341.1,100.000,37,0,0,1,37,486,522,9.99e-10,69.4
chr4_10197170,XM_029327544.1,98.337,421,7,0,262,682,356,776,0.0,739
chr4_10197170,XM_029327544.1,99.415,171,1,0,1,171,186,356,1.50e-82,311
chr4_10197170,XM_015910742.1,84.865,370,54,2,262,630,462,830,6.80e-101,372
chr4_10197170,XM_029352569.1,84.225,374,56,3,262,632,468,841,1.47e-97,361
chr4_10197170,XM_029352567.1,87.138,311,38,2,300,609,321,630,8.86e-95,351
chr4_10197170,XM_029352566.1,87.138,311,38,2,300,609,534,843,8.86e-95,351
chr4_10197170,XM_029352565.1,87.138,311,38,2,300,609,1684,1993,8.86e-95,351
chr4_10197170,XM_029343067.1,84.091,352,56,0,262,613,380,731,1.92e-91,340
chr4_10197170,XM_015906156.1,83.747,363,56,2,323,682,385,747,1.92e-91,340
chr4_10197170,XR_001561707.1,82.842,373,63,1,260,632,321,692,3.21e-89,333
chr4_10197170,XM_015896946.1,82.842,373,63,1,260,632,321,692,3.21e-89,333
chr4_10197170,XR_001562101.1,86.084,309,41,2,302,609,260,567,1.15e-88,331
chr4_10197170,XM_015896945.1,83.569,353,56,2,262,613,414,765,4.15e-88,329
chr4_10197170,XM_015896944.1,83.569,353,56,2,262,613,416,767,4.15e-88,329
chr4_10197170,XM_029343027.1,83.333,270,41,4,346,613,489,756,4.30e-63,246
chr4_10197170,XM_029331158.1,87.500,208,20,6,708,912,2139,2343,9.31e-60,235
chr4_10197170,XM_029353420.1,81.522,276,44,6,335,605,596,869,2.61e-55,220
chr4_10197170,XM_029347489.1,81.295,278,41,9,335,605,852,1125,1.21e-53,215
chr4_10197170,XM_015908569.1,84.018,219,15,7,714,930,1308,1508,5.68e-47,193
chr4_10197170,XM_029358261.1,91.026,78,7,0,714,791,1975,2052,7.62e-21,106
chr4_10197170,XM_029335174.1,94.030,67,4,0,934,1000,3248,3182,9.85e-20,102
chr4_10197170,XM_029335172.1,94.030,67,4,0,934,1000,3248,3182,9.85e-20,102
chr4_10197170,XM_015919857.1,94.915,59,3,0,928,986,1967,2025,5.93e-17,93.5
chr4_10197170,XM_029330233.1,87.059,85,5,4,712,794,4379,4459,2.13e-16,91.6
chr4_10197170,XM_029330232.1,87.059,85,5,4,712,794,4347,4427,2.13e-16,91.6
chr4_10197170,XM_029330231.1,87.059,85,5,4,712,794,4284,4364,2.13e-16,91.6
chr4_10197170,XR_003822778.1,97.561,41,1,0,808,848,1,41,2.78e-10,71.3
chr4_13570894,XM_029343105.1,87.582,306,36,2,387,692,2608,2305,2.46e-95,353
chr4_13570894,XM_015905315.1,87.296,307,30,5,390,692,2116,1815,5.33e-92,342
chr4_13570894,XM_015905315.1,92.222,90,4,2,389,475,1815,1904,2.10e-26,124
chr4_13570894,XM_029357277.1,86.928,306,34,5,390,690,4909,4605,6.90e-91,339
chr4_13570894,XR_003827803.1,86.885,305,33,6,389,693,749,1046,8.92e-90,335
chr4_13570894,XM_029337528.1,86.230,305,38,4,389,692,1420,1119,1.49e-87,327
chr4_13570894,XM_029337528.1,93.103,87,6,0,607,693,1335,1421,1.63e-27,128
chr4_13570894,XM_029351767.1,91.667,168,12,2,525,691,5798,5632,1.20e-58,231
chr4_13570894,XM_029351765.1,91.667,168,12,2,525,691,5936,5770,1.20e-58,231
chr4_13570894,XM_029351764.1,91.667,168,12,2,525,691,5942,5776,1.20e-58,231
chr4_13570894,XM_029351768.1,91.617,167,12,2,526,691,5794,5629,4.33e-58,230
chr4_13570894,XM_029351766.1,91.617,167,12,2,526,691,5866,5701,4.33e-58,230
chr4_13570894,XM_029351763.1,91.617,167,12,2,526,691,6010,5845,4.33e-58,230
chr4_13570894,XM_029338353.1,90.152,132,13,0,389,520,1686,1817,7.40e-41,172
chr4_13570894,XM_015906855.1,88.550,131,13,2,563,692,1054,925,2.07e-36,158
chr4_13570894,XM_029323883.1,90.291,103,10,0,546,648,5,107,9.71e-30,135
chr4_13570894,XM_029357279.1,96.250,80,3,0,902,981,2228,2149,1.26e-28,132
chr4_13570894,XM_029343938.1,96.250,80,3,0,902,981,1106,1185,1.26e-28,132
chr4_13570894,XM_029331824.1,98.571,70,1,0,201,270,892,961,2.10e-26,124
chr4_13570894,XM_015905709.1,98.571,70,1,0,201,270,892,961,2.10e-26,124
chr4_13570894,XM_015905314.1,92.222,90,4,2,389,475,2416,2505,2.10e-26,124
chr4_13570894,XM_015905314.1,86.239,109,11,3,588,692,2524,2416,1.27e-23,115
chr4_13570894,XM_015915472.1,95.946,74,3,0,902,975,778,851,2.72e-25,121
chr4_13570894,XR_001566619.1,95.714,70,3,0,902,971,70,1,4.55e-23,113
chr4_13570894,XM_020767271.1,97.222,36,1,0,901,936,3110,3145,1.67e-07,62.1
chr4_13570894,XM_020767270.1,97.222,36,1,0,901,936,4758,4793,1.67e-07,62.1
chr4_13570894,XM_015920604.1,100.000,31,0,0,607,637,31,1,2.16e-06,58.4
chr4_14287421,XM_029331840.1,100.000,51,0,0,325,375,1172,1122,1.65e-17,95.3
chr4_14287421,XM_015891883.1,100.000,51,0,0,325,375,930,880,1.65e-17,95.3
chr4_16806371,XM_015910059.1,97.767,806,14,2,1,806,276,1077,0.0,1386
chr4_16806371,XM_029347770.1,99.367,632,3,1,1,632,365,995,0.0,1144
chr4_16806371,XM_029347769.1,99.367,632,3,1,1,632,464,1094,0.0,1144
chr4_16806371,XM_029347768.1,99.367,632,3,1,1,632,536,1166,0.0,1144
chr4_16806371,XM_029347767.1,99.367,632,3,1,1,632,605,1235,0.0,1144
chr4_16806371,XM_029347772.1,99.364,629,3,1,1,629,668,1295,0.0,1138
chr4_16806371,XM_029347771.1,99.020,306,2,1,327,632,737,1041,1.05e-153,547
chr4_16806371,XM_029347771.1,99.351,154,1,0,1,154,590,743,4.24e-73,279
chr4_16806371,XM_029347773.1,100.000,131,0,0,20,150,1,131,5.56e-62,243
chr4_16806371,XM_029347773.1,99.048,105,0,1,528,632,129,232,2.64e-45,187
chr4_19100417,XM_015920741.1,85.115,524,48,18,1,522,807,312,4.97e-142,508
chr4_19100417,XM_015920734.1,85.115,524,48,18,1,522,827,332,4.97e-142,508
chr4_19100417,XM_029336583.1,94.656,131,7,0,870,1000,2132,2002,2.63e-50,204
chr4_19100417,XM_015901723.1,94.615,130,7,0,871,1000,2090,1961,9.44e-50,202
chr4_19100417,XM_029334868.1,93.893,131,7,1,870,1000,2827,2698,4.39e-48,196
chr4_19100417,XM_029338801.1,100.000,101,0,0,422,522,304,204,2.64e-45,187
chr4_19100417,XM_029338800.1,100.000,101,0,0,422,522,304,204,2.64e-45,187
chr4_19100417,XM_029338799.1,100.000,101,0,0,422,522,304,204,2.64e-45,187
chr4_19100417,KY686320.1,100.000,101,0,0,422,522,158,58,2.64e-45,187
chr4_19100417,XM_015920723.1,100.000,101,0,0,422,522,241,141,2.64e-45,187
chr4_19100417,XM_015920715.1,100.000,101,0,0,422,522,241,141,2.64e-45,187
chr4_19100417,XM_015920709.1,100.000,101,0,0,422,522,241,141,2.64e-45,187
chr4_19100417,XM_029335027.1,93.548,124,8,0,870,993,2244,2367,9.51e-45,185
chr4_19100417,XM_029335026.1,93.548,124,8,0,870,993,1662,1785,9.51e-45,185
chr4_19100417,XM_029335024.1,93.548,124,8,0,870,993,1544,1667,9.51e-45,185
chr4_19100417,XM_029334730.1,92.366,131,9,1,870,1000,229,100,9.51e-45,185
chr4_19100417,XM_029337800.1,91.473,129,11,0,870,998,2203,2331,1.59e-42,178
chr4_19100417,XM_029337799.1,91.473,129,11,0,870,998,1991,2119,1.59e-42,178
chr4_19100417,XM_029337798.1,91.473,129,11,0,870,998,2233,2361,1.59e-42,178
chr4_19100417,XM_029331895.1,90.840,131,12,0,870,1000,2855,2725,5.72e-42,176
chr4_19100417,XM_015911759.1,91.473,129,9,2,870,997,1185,1312,5.72e-42,176
chr4_19100417,KY751904.1,90.840,131,6,3,870,1000,10583,10459,2.66e-40,171
chr4_19100417,XM_015898023.1,91.129,124,11,0,870,993,2880,3003,9.58e-40,169
chr4_19100417,XM_015898022.1,91.129,124,11,0,870,993,1659,1782,9.58e-40,169
chr4_19100417,XM_029345007.1,89.062,128,13,1,870,997,432,306,2.07e-36,158
chr4_19100417,XM_015905751.1,89.062,128,13,1,870,997,402,276,2.07e-36,158
chr4_19100417,XM_029347578.1,88.372,129,15,0,872,1000,2697,2569,7.46e-36,156
chr4_19100417,XM_015911855.1,87.597,129,16,0,872,1000,2519,2391,3.47e-34,150
chr4_19100417,XM_029352321.1,87.023,131,8,1,870,1000,5922,5801,7.51e-31,139
chr4_19100417,XM_029340681.1,86.614,127,13,1,870,992,953,1079,2.70e-30,137
chr4_19100417,XM_029329620.1,90.476,105,7,2,870,971,105,1,9.71e-30,135
chr4_19100417,XM_015891806.1,85.185,135,15,2,870,1000,1640,1773,3.49e-29,134
chr4_19100417,XM_015891805.1,85.185,135,15,2,870,1000,1793,1926,3.49e-29,134
chr4_19100417,XM_015891804.1,85.185,135,15,2,870,1000,1941,2074,3.49e-29,134
chr4_19100417,XM_029350346.1,83.453,139,14,6,870,1000,2476,2613,2.72e-25,121
chr4_19100417,XM_029350342.1,83.453,139,14,6,870,1000,1547,1684,2.72e-25,121
chr4_19100417,XM_029350338.1,83.453,139,14,6,870,1000,1700,1837,2.72e-25,121
chr4_19100417,XM_015924028.1,86.275,102,14,0,870,971,1654,1755,1.64e-22,111
chr4_19100417,XM_029343564.1,83.077,130,8,1,870,999,2586,2471,7.62e-21,106
chr4_19100417,XM_015918600.1,95.161,62,3,0,939,1000,588,527,1.27e-18,99.0
chr4_19100417,XR_001561689.1,92.754,69,4,1,932,999,1099,1167,1.27e-18,99.0
chr4_19100417,XM_029336925.1,83.495,103,17,0,878,980,6613,6715,4.58e-18,97.1
chr4_19100417,XM_015905437.1,89.189,74,4,1,923,992,609,536,7.67e-16,89.8
chr4_19100417,XM_015902122.1,95.000,40,2,0,961,1000,3,42,4.65e-08,63.9
chr4_19100417,XM_015892444.1,100.000,32,0,0,890,921,791,822,6.01e-07,60.2
chr4_2520824,XM_015909476.1,86.127,346,34,5,399,732,1051,708,1.47e-97,361
chr4_2520824,XM_015909476.1,98.230,113,2,0,620,732,388,276,1.22e-48,198
chr4_2520824,XM_015909476.1,97.297,111,3,0,13,123,495,385,7.35e-46,189
chr4_2520824,XM_015909476.1,97.297,111,3,0,13,123,711,601,7.35e-46,189
chr4_2520824,XM_015909476.1,97.273,110,3,0,13,122,279,170,2.64e-45,187
chr4_2520824,XM_015909476.1,96.460,113,4,0,620,732,604,492,2.64e-45,187
chr4_2520824,XM_015909476.1,95.413,109,5,0,892,1000,279,171,2.06e-41,174
chr4_2520824,XM_015909476.1,91.743,109,9,0,892,1000,495,387,9.65e-35,152
chr4_2520824,XR_003824841.1,100.000,109,0,0,892,1000,8231,8123,9.44e-50,202
chr4_2520824,XR_003824841.1,94.545,110,6,0,13,122,8231,8122,2.66e-40,171
chr4_8163563,XM_029357917.1,100.000,40,0,0,961,1000,1491,1530,2.15e-11,75.0
chr4_8163563,XM_029357916.1,100.000,40,0,0,961,1000,1517,1556,2.15e-11,75.0
chr4_8163563,XM_015922137.1,100.000,40,0,0,961,1000,779,818,2.15e-11,75.0
chr4_8163563,XM_029331158.1,81.915,94,9,4,764,853,2546,2457,7.73e-11,73.1
chr5_1378412,XM_029342441.1,99.254,134,1,0,364,497,758,625,5.56e-62,243
chr5_1378412,XM_029342441.1,100.000,85,0,0,1,85,836,752,2.07e-36,158
chr5_1378412,XM_029342441.1,100.000,49,0,0,949,997,627,579,2.13e-16,91.6
chr5_15135469,XM_029332195.1,100.000,579,0,0,1,579,892,1470,0.0,1070
chr5_15135469,XR_001560574.1,97.701,174,4,0,827,1000,1,174,3.26e-79,300
chr5_15135469,XM_029327451.1,77.679,112,15,7,563,672,1626,1523,6.01e-07,60.2
chr5_25087535,XR_003825440.1,95.294,765,25,5,1,758,1696,2456,0.0,1203
chr5_30406952,XM_015915095.1,96.199,342,5,1,1,334,2504,2163,2.26e-155,553
chr5_30406952,XR_003822739.1,99.257,269,1,1,334,601,2698,2430,8.37e-135,484
chr5_30406952,XR_001565864.1,98.141,269,4,1,334,601,2758,2490,8.43e-130,468
chr5_30406952,XR_003825194.1,93.564,202,4,2,1,194,201,1,5.45e-77,292
chr5_30406952,XM_029357185.1,97.500,160,3,1,842,1000,722,563,7.10e-71,272
chr5_30406952,XM_029345660.1,98.675,151,2,0,838,988,3682,3832,9.18e-70,268
chr5_30406952,XM_029345659.1,98.675,151,2,0,838,988,3686,3836,9.18e-70,268
chr5_30406952,XR_003822740.1,98.611,144,1,1,459,601,2573,2430,2.57e-65,254
chr5_30406952,XM_029358275.1,95.000,160,5,2,841,1000,1105,949,1.20e-63,248
chr5_30406952,XM_029358274.1,95.000,160,5,2,841,1000,915,759,1.20e-63,248
chr5_30406952,XR_001565866.1,96.528,144,4,1,459,601,2633,2490,2.59e-60,237
chr5_30406952,XM_029354043.1,97.619,126,3,0,840,965,1757,1882,3.37e-54,217
chr5_30406952,XM_029346424.1,88.050,159,10,5,692,850,2396,2545,4.42e-43,180
chr5_30406952,XM_029329568.1,87.500,152,17,2,7,156,34,185,2.06e-41,174
chr5_30406952,XM_022950562.1,81.000,200,25,9,534,733,2317,2503,4.49e-33,147
chr5_30406952,XM_015900333.1,100.000,69,0,0,872,940,1,69,1.63e-27,128
chr5_30406952,XR_002298432.1,89.333,75,8,0,10,84,1836,1910,1.65e-17,95.3
chr5_3742512,XM_029338019.1,98.824,255,3,0,26,280,5288,5034,6.57e-126,455
chr5_3742512,XM_029338019.1,99.479,192,0,1,658,849,5040,4850,1.15e-93,348
chr5_3742512,XM_015907598.1,98.824,255,3,0,26,280,4702,4448,6.57e-126,455
chr5_3742512,XM_015907598.1,98.438,192,2,1,658,849,4454,4264,2.48e-90,337
chr6_14105797,XM_029352228.1,98.990,297,3,0,1,297,551,847,2.95e-149,532
chr6_14105797,XM_029352170.1,98.990,297,3,0,1,297,551,847,2.95e-149,532
chr6_14105797,XM_015896925.1,98.653,297,4,0,1,297,412,708,1.37e-147,527
chr6_19759250,XM_015914031.1,98.115,1008,11,2,1,1000,229,1236,0.0,1749
chr6_3740232,XM_015898677.1,94.444,216,12,0,486,701,1456,1671,3.21e-89,333
chr7_16864959,XM_029344794.1,97.904,954,20,0,47,1000,736,1689,0.0,1652
chr7_16864959,XM_015910089.1,97.899,952,20,0,47,998,811,1762,0.0,1648
chr7_16864959,XM_015918744.1,97.403,308,7,1,47,354,519,825,1.77e-146,523
chr7_16864959,XM_015918745.1,98.039,153,3,0,846,998,1,153,3.30e-69,267
chr7_23163550,XM_015924023.1,95.419,633,19,1,29,661,1249,627,0.0,1000
chr7_23163550,XM_029336565.1,99.267,273,2,0,389,661,13297,13025,1.39e-137,494
chr7_23163550,XM_029336565.1,94.375,160,9,0,758,917,13869,14028,4.30e-63,246
chr7_23163550,XM_015895377.1,98.201,278,5,0,384,661,923,646,2.33e-135,486
chr7_23163550,GU137132.1,79.762,168,26,1,1,160,243,410,1.27e-23,115
chr7_23163550,XM_020761135.1,93.333,45,3,0,1,45,99,143,3.59e-09,67.6
chr7_23163550,XM_020747017.1,93.333,45,3,0,1,45,99,143,3.59e-09,67.6
chr7_23163550,XM_015912388.1,93.182,44,2,1,955,997,1077,1120,4.65e-08,63.9
chr7_23163550,XM_020757669.1,92.308,39,3,0,7,45,1,39,7.78e-06,56.5
chr7_23163550,XM_031695663.1,100.000,28,0,0,18,45,2124,2097,1.01e-04,52.8
chr8_12266007,XM_015922289.1,99.476,382,2,0,52,433,5408,5789,0.0,695
chr8_12266007,XM_015922289.1,98.429,382,6,0,52,433,4238,4619,0.0,673
chr8_12266007,XM_029330402.1,98.429,382,6,0,52,433,4889,5270,0.0,673
chr8_12266007,XM_020755392.1,79.339,363,71,4,60,420,4851,5211,9.25e-65,252
chr8_12266007,XM_020755391.1,79.339,363,71,4,60,420,4854,5214,9.25e-65,252
chr8_12266007,XM_029324321.1,80.272,294,47,7,470,761,1549,1833,1.57e-52,211
chr8_12266007,XM_029357901.1,80.351,285,37,8,467,748,2370,2638,1.22e-48,198
chr8_12266007,XM_029357584.1,86.826,167,21,1,611,777,3680,3515,9.51e-45,185
chr8_12266007,XM_029357583.1,86.826,167,21,1,611,777,3820,3655,9.51e-45,185
chr8_12266007,XM_029357582.1,86.826,167,21,1,611,777,3826,3661,9.51e-45,185
chr8_12266007,XM_029357581.1,86.826,167,21,1,611,777,3737,3572,9.51e-45,185
chr8_12266007,XM_029357580.1,86.826,167,21,1,611,777,3743,3578,9.51e-45,185
chr8_12266007,XM_029357579.1,86.826,167,21,1,611,777,3851,3686,9.51e-45,185
chr8_12266007,XM_015910355.1,87.050,139,16,2,610,748,2478,2614,7.46e-36,156
chr8_12266007,XM_015910354.1,87.050,139,16,2,610,748,2478,2614,7.46e-36,156
chr8_12266007,XM_015910353.1,87.050,139,16,2,610,748,2518,2654,7.46e-36,156
chr8_12266007,XM_015924883.1,82.927,164,27,1,553,715,1909,2072,4.49e-33,147
chr8_12266007,XM_015924882.1,82.927,164,27,1,553,715,2084,2247,4.49e-33,147
chr8_12266007,XM_015924881.1,82.927,164,27,1,553,715,2050,2213,4.49e-33,147
chr8_12266007,XR_003825096.1,80.612,196,21,12,482,670,841,656,9.71e-30,135
chr8_12266007,XM_029337021.1,80.612,196,21,12,482,670,1583,1398,9.71e-30,135
chr8_12266007,XM_029337020.1,80.612,196,21,12,482,670,1897,1712,9.71e-30,135
chr8_12266007,XM_029358629.1,80.220,182,28,5,555,730,3695,3516,4.52e-28,130
chr8_2002953,XM_029328086.1,95.665,1015,29,1,1,1000,143,1157,0.0,1616
chr8_468407,XR_001562534.1,91.667,156,11,1,838,993,249,96,1.21e-53,215
chr8_468407,XR_001562534.1,100.000,39,0,0,1,39,286,248,7.73e-11,73.1
chr8_468407,XR_003827104.1,92.053,151,10,2,838,987,1266,1117,1.57e-52,211
chr8_468407,XR_003827104.1,97.436,39,0,1,1,39,1302,1265,1.29e-08,65.8
chr8_468407,XM_015901682.1,96.552,87,3,0,568,654,5468,5382,1.61e-32,145
chr8_468407,XM_015901681.1,96.552,87,3,0,568,654,5669,5583,1.61e-32,145
chr8_468407,XM_029356489.1,95.455,88,4,0,567,654,1189,1276,2.09e-31,141
chr8_468407,XM_029356488.1,95.455,88,4,0,567,654,1820,1907,2.09e-31,141
chr8_468407,XM_029352693.1,95.455,88,4,0,567,654,3278,3191,2.09e-31,141
chr8_468407,XM_029352013.1,95.402,87,4,0,568,654,587,673,7.51e-31,139
chr8_468407,XR_003826289.1,95.402,87,4,0,568,654,3029,3115,7.51e-31,139
chr8_468407,XR_003826288.1,95.402,87,4,0,568,654,2239,2325,7.51e-31,139
chr8_468407,XR_003826286.1,95.402,87,4,0,568,654,3059,3145,7.51e-31,139
chr8_468407,XR_003826285.1,95.402,87,4,0,568,654,3059,3145,7.51e-31,139
chr8_468407,XM_029344590.1,95.402,87,4,0,568,654,2779,2865,7.51e-31,139
chr8_468407,XM_029334392.1,95.402,87,4,0,568,654,2858,2944,7.51e-31,139
chr8_468407,XR_003825955.1,95.402,87,4,0,568,654,803,889,7.51e-31,139
chr8_468407,KY751906.1,95.349,86,4,0,569,654,4218,4303,2.70e-30,137
chr8_468407,XM_015923470.1,95.349,86,4,0,569,654,2559,2474,2.70e-30,137
chr8_468407,XR_003827783.1,94.253,87,5,0,568,654,4838,4752,3.49e-29,134
chr8_468407,JQ970521.1,94.253,87,5,0,568,654,515,601,3.49e-29,134
chr8_468407,KM101116.1,94.253,87,5,0,568,654,2567,2653,3.49e-29,134
chr8_468407,KM101115.1,94.253,87,5,0,568,654,2601,2687,3.49e-29,134
chr8_468407,KC818413.1,94.253,87,5,0,568,654,161,247,3.49e-29,134
chr8_468407,JQ009183.1,93.103,87,6,0,568,654,554,640,1.63e-27,128
chr8_468407,XM_029332531.1,92.135,89,7,0,566,654,1898,1986,5.85e-27,126
chr8_468407,XM_029332530.1,92.135,89,7,0,566,654,1903,1991,5.85e-27,126
chr8_468407,XM_029332529.1,92.135,89,7,0,566,654,1733,1821,5.85e-27,126
chr8_468407,KC818414.1,93.103,87,5,1,568,654,178,263,5.85e-27,126
chr8_468407,XR_003827725.1,91.765,85,7,0,568,652,1933,2017,9.78e-25,119
chr8_468407,XM_015907799.1,91.765,85,7,0,570,654,1452,1536,9.78e-25,119
chr8_468407,XM_029344745.1,89.474,95,5,2,565,654,453,359,1.27e-23,115
chr8_468407,XM_029344176.1,95.775,71,3,0,568,638,73,3,1.27e-23,115
chr8_468407,XM_029340031.1,92.308,78,6,0,568,645,1555,1632,1.64e-22,111
chr8_468407,XM_029341756.1,92.857,70,5,0,583,652,2363,2294,9.85e-20,102
chr8_468407,XR_003824847.1,96.491,57,2,0,568,624,57,1,1.65e-17,95.3
chr8_468407,XR_001564759.1,94.643,56,3,0,568,623,1328,1383,2.76e-15,87.9
chr8_468407,XM_029343025.1,96.154,52,2,0,569,620,52,1,9.92e-15,86.1
chr8_468407,XR_002298158.1,96.154,52,2,0,703,754,985,934,9.92e-15,86.1
chr8_468407,XM_029348401.1,97.917,48,1,0,568,615,314,267,3.57e-14,84.2
chr8_468407,XM_029348400.1,97.917,48,1,0,568,615,232,185,3.57e-14,84.2
chr8_468407,XM_020752931.1,96.078,51,2,0,704,754,2304,2254,3.57e-14,84.2
chr8_468407,XM_020749304.1,90.476,63,5,1,697,759,1818,1757,1.28e-13,82.4
chr8_468407,XM_029350124.1,94.118,51,3,0,602,652,3521,3571,1.66e-12,78.7
chr8_468407,XM_020749306.1,91.379,58,4,1,697,754,2651,2595,1.66e-12,78.7
chr8_468407,XR_001562737.1,95.652,46,2,0,566,611,46,1,2.15e-11,75.0
chr8_7844659,XR_001564537.1,85.613,424,30,14,3,396,518,96,3.10e-114,416
chr8_7844659,XM_029345160.1,86.316,95,9,3,900,991,3723,3630,3.54e-19,100
chr8_7844659,XM_029338394.1,84.946,93,11,1,906,998,2814,2725,2.13e-16,91.6
chr8_7844659,XM_029338384.1,84.946,93,11,1,906,998,2813,2724,2.13e-16,91.6
chr9_233008,XM_029339816.1,99.487,390,2,0,611,1000,3568,3957,0.0,710
chr9_233008,XM_029339816.1,98.964,193,2,0,97,289,3377,3569,4.12e-93,346
chr9_233008,XM_015901914.1,100.000,282,0,0,611,892,3575,3856,6.38e-146,521
chr9_233008,XM_015901914.1,98.964,193,2,0,97,289,3384,3576,4.12e-93,346
chr9_233008,XM_029339817.1,99.645,282,1,0,611,892,3566,3847,2.97e-144,516
chr9_233008,XM_029339817.1,98.964,193,2,0,97,289,3375,3567,4.12e-93,346
chr9_2679394,XM_029328456.1,100.000,142,0,0,11,152,1003,862,4.27e-68,263
chr9_2679394,XM_029328456.1,96.053,76,3,0,846,921,862,787,2.10e-26,124
chr9_2679394,XM_029328447.1,100.000,142,0,0,11,152,1003,862,4.27e-68,263
chr9_2679394,XM_029328447.1,96.053,76,3,0,846,921,862,787,2.10e-26,124
chr9_2679394,XM_015921969.1,94.040,151,7,1,11,159,557,407,1.56e-57,228
chr9_2679394,XM_015921968.1,94.040,151,7,1,11,159,668,518,1.56e-57,228
chr9_2679394,XM_029354433.1,93.377,151,8,1,11,159,520,370,7.25e-56,222
chr9_2679394,XM_029354432.1,93.377,151,8,1,11,159,578,428,7.25e-56,222
chr9_2679394,XM_029354431.1,93.377,151,8,1,11,159,553,403,7.25e-56,222
chr9_2679394,XM_029354430.1,93.377,151,8,1,11,159,612,462,7.25e-56,222
chr9_2679394,XM_015920684.1,94.366,142,8,0,11,152,937,796,9.38e-55,219
chr9_2679394,XM_015902433.1,94.366,142,8,0,11,152,1006,865,9.38e-55,219
chr9_8015023,XM_029345930.1,97.761,268,6,0,316,583,660,927,3.92e-128,462
chr9_8015023,XM_015924125.1,96.642,268,9,0,316,583,484,751,3.95e-123,446
chr9_8270989,XM_029345947.1,100.000,105,0,0,739,843,828,932,1.58e-47,195
chr9_8270989,XM_015893789.1,98.095,105,2,0,739,843,800,904,3.42e-44,183
chr9_8270989,XM_015892105.1,98.095,105,2,0,739,843,742,846,3.42e-44,183
chr9_9565784,XM_029353089.1,93.196,485,32,1,316,799,1384,1868,0.0,712
chr9_9565784,XM_029353089.1,90.909,154,14,0,57,210,1231,1384,2.03e-51,207
chr9_9565784,XM_015896054.1,95.541,314,14,0,316,629,1180,1493,2.31e-140,503
chr9_9565784,XM_015896105.1,92.744,317,22,1,316,631,1927,2243,1.83e-126,457
chr9_9565784,XM_029353088.1,91.167,317,27,1,316,631,1911,2227,3.98e-118,429
chr9_9565784,XM_015896053.1,92.014,288,22,1,316,603,4188,4474,2.41e-110,403
chr9_9565784,XR_003824536.1,100.000,32,0,0,969,1000,178,147,6.01e-07,60.2
chr9_9565784,XR_003824535.1,100.000,32,0,0,969,1000,175,144,6.01e-07,60.2
chr9_9565784,XM_029338298.1,94.872,39,1,1,962,1000,2660,2697,6.01e-07,60.2
chr9_9565784,XR_003823983.1,100.000,30,0,0,971,1000,76,47,7.78e-06,56.5
chr9_9565784,XR_001565280.1,100.000,30,0,0,971,1000,2421,2392,7.78e-06,56.5
Sc0000050_1368720,XM_015920054.1,91.268,355,31,0,441,795,1174,1528,8.37e-135,484
Sc0000050_1368720,XR_003823572.1,84.397,141,12,3,278,408,1754,1894,4.52e-28,130
Sc0000102_457616,XM_029346814.1,100.000,1000,0,0,1,1000,3557,2558,0.0,1847
Sc0000102_457616,XM_015912819.1,96.200,1000,37,1,1,1000,1185,187,0.0,1635
Sc0000107_953890,XM_029339450.1,97.610,251,5,1,390,640,1715,1466,3.98e-118,429
Sc0000136_535355,XM_029343626.1,99.500,1001,4,1,1,1000,1159,159,0.0,1820
Sc0000136_535355,XM_029343617.1,99.500,1001,4,1,1,1000,1159,159,0.0,1820
Sc0000136_535355,XR_001563282.1,97.196,107,3,0,886,992,129,23,1.23e-43,182
xfSc0000033_453420,XM_015896849.1,100.000,105,0,0,578,682,1216,1320,1.58e-47,195
xfSc0000033_453420,XM_015896849.1,97.826,46,1,0,782,827,1318,1363,4.62e-13,80.5
xfSc0000033_453420,XM_015897529.1,98.020,101,2,0,782,882,384,484,5.72e-42,176
xfSc0000033_453420,XM_015897529.1,95.238,105,5,0,578,682,282,386,3.44e-39,167
xfSc0000033_453420,XM_029351802.1,96.078,102,4,0,578,679,1464,1565,3.44e-39,167
xfSc0000033_453420,XM_029351802.1,98.276,58,1,0,783,840,1567,1624,9.85e-20,102
xfSc0000033_453420,XM_020776971.1,86.667,105,14,0,578,682,1497,1601,3.52e-24,117
xfSc0000033_453420,XM_020776970.1,86.667,105,14,0,578,682,1360,1464,3.52e-24,117
xfSc0000164_22582,XM_029328260.1,94.013,451,26,1,551,1000,1227,777,0.0,682
xfSc0000164_22582,XM_029328259.1,94.013,451,26,1,551,1000,2124,1674,0.0,682
xfSc0000164_22582,XM_029333426.1,89.286,112,12,0,550,661,1749,1860,2.09e-31,141
xpSc0000659_41654,XM_029336244.1,79.896,383,30,25,632,972,3459,3836,2.59e-60,237
xpSc0000659_41654,XR_003823942.1,93.651,126,6,1,870,993,222,97,2.64e-45,187
xpSc0000659_41654,XM_029327185.1,90.816,98,7,1,898,993,1980,2077,4.52e-28,130
xpSc0000659_41654,XM_029327184.1,90.099,101,8,1,895,993,2026,2126,4.52e-28,130
xpSc0000659_41654,XM_029327183.1,90.099,101,8,1,895,993,2833,2933,4.52e-28,130
xpSc0000659_41654,XM_020775345.1,97.015,67,2,0,569,635,3003,3069,4.55e-23,113
xpSc0000659_41654,XM_020747156.1,93.333,75,4,1,569,643,75,2,5.89e-22,110
xpSc0000659_41654,XR_002298817.1,93.846,65,4,0,570,634,65,1,1.27e-18,99.0
xpSc0000659_41654,XM_020773405.1,96.429,56,2,0,569,624,2255,2310,5.93e-17,93.5
xpSc0000659_41654,XM_020773404.1,96.429,56,2,0,569,624,2255,2310,5.93e-17,93.5
xpSc0000659_41654,XM_020775079.1,97.917,48,1,0,569,616,2288,2335,3.57e-14,84.2


